<?xml version="1.0" encoding="UTF-8"?>
<GenRun Id="synth_1" LaunchPart="xc7a35ticsg324-1L" LaunchTime="1633879437">
  <File Type="PA-TCL" Name="mux8x1.tcl"/>
  <File Type="RDS-PROPCONSTRS" Name="mux8x1_drc_synth.rpt"/>
  <File Type="REPORTS-TCL" Name="mux8x1_reports.tcl"/>
  <File Type="RDS-RDS" Name="mux8x1.vds"/>
  <File Type="RDS-UTIL" Name="mux8x1_utilization_synth.rpt"/>
  <File Type="RDS-UTIL-PB" Name="mux8x1_utilization_synth.pb"/>
  <File Type="RDS-DCP" Name="mux8x1.dcp"/>
  <File Type="VDS-TIMINGSUMMARY" Name="mux8x1_timing_summary_synth.rpt"/>
  <File Type="VDS-TIMING-PB" Name="mux8x1_timing_summary_synth.pb"/>
  <FileSet Name="sources" Type="DesignSrcs" RelSrcDir="$PSRCDIR/sources_1" RelGenDir="$PGENDIR/sources_1">
    <Filter Type="Srcs"/>
    <File Path="$PSRCDIR/sources_1/new/mux8x1.vhd">
      <FileInfo>
        <Attr Name="UsedIn" Val="synthesis"/>
        <Attr Name="UsedIn" Val="simulation"/>
      </FileInfo>
    </File>
    <Config>
      <Option Name="DesignMode" Val="RTL"/>
      <Option Name="TopModule" Val="mux8x1"/>
      <Option Name="TopAutoSet" Val="TRUE"/>
    </Config>
  </FileSet>
  <FileSet Name="constrs_in" Type="Constrs" RelSrcDir="$PSRCDIR/constrs_1">
    <Filter Type="Constrs"/>
    <File Path="$PPRDIR/Arty-A7-35-Master.xdc">
      <FileInfo>
        <Attr Name="UsedIn" Val="synthesis"/>
        <Attr Name="UsedIn" Val="implementation"/>
      </FileInfo>
    </File>
    <Config>
      <Option Name="ConstrsType" Val="XDC"/>
    </Config>
  </FileSet>
  <FileSet Name="utils" Type="Utils" RelSrcDir="$PSRCDIR/utils_1">
    <Filter Type="Utils"/>
    <Config>
      <Option Name="TopAutoSet" Val="TRUE"/>
    </Config>
  </FileSet>
  <Strategy Version="1" Minor="2">
    <StratHandle Name="Vivado Synthesis Defaults" Flow="Vivado Synthesis 2020"/>
    <Step Id="synth_design"/>
  </Strategy>
</GenRun>
