<?xml version="1.0" encoding="UTF-8"?>
<GenRun Id="impl_1" LaunchPart="xc7a35ticsg324-1L" LaunchTime="1633841229">
  <File Type="ROUTE-PWR" Name="Poarta_AND_power_routed.rpt"/>
  <File Type="PA-TCL" Name="Poarta_AND.tcl"/>
  <File Type="ROUTE-PWR-SUM" Name="Poarta_AND_power_summary_routed.pb"/>
  <File Type="REPORTS-TCL" Name="Poarta_AND_reports.tcl"/>
  <File Type="BITSTR-MSK" Name="Poarta_AND.msk"/>
  <File Type="ROUTE-CLK" Name="Poarta_AND_clock_utilization_routed.rpt"/>
  <File Type="RDI-RDI" Name="Poarta_AND.vdi"/>
  <File Type="BG-BIT" Name="Poarta_AND.bit"/>
  <File Type="BG-DRC" Name="Poarta_AND.drc"/>
  <File Type="BG-BGN" Name="Poarta_AND.bgn"/>
  <File Type="BG-BIN" Name="Poarta_AND.bin"/>
  <File Type="BITSTR-RBT" Name="Poarta_AND.rbt"/>
  <File Type="BITSTR-NKY" Name="Poarta_AND.nky"/>
  <File Type="BITSTR-BMM" Name="Poarta_AND_bd.bmm"/>
  <File Type="ROUTE-METHODOLOGY-DRC" Name="Poarta_AND_methodology_drc_routed.rpt"/>
  <File Type="BITSTR-MMI" Name="Poarta_AND.mmi"/>
  <File Type="BITSTR-SYSDEF" Name="Poarta_AND.sysdef"/>
  <File Type="BITSTR-LTX" Name="debug_nets.ltx"/>
  <File Type="BITSTR-LTX" Name="Poarta_AND.ltx"/>
  <File Type="WBT-USG" Name="usage_statistics_webtalk.html"/>
  <File Type="OPT-DRC" Name="Poarta_AND_drc_opted.rpt"/>
  <File Type="OPT-HWDEF" Name="Poarta_AND.hwdef"/>
  <File Type="PLACE-IO" Name="Poarta_AND_io_placed.rpt"/>
  <File Type="PLACE-UTIL" Name="Poarta_AND_utilization_placed.rpt"/>
  <File Type="PLACE-UTIL-PB" Name="Poarta_AND_utilization_placed.pb"/>
  <File Type="PLACE-CTRL" Name="Poarta_AND_control_sets_placed.rpt"/>
  <File Type="PLACE-PRE-SIMILARITY" Name="Poarta_AND_incremental_reuse_pre_placed.rpt"/>
  <File Type="ROUTE-DRC" Name="Poarta_AND_drc_routed.rpt"/>
  <File Type="ROUTE-DRC-PB" Name="Poarta_AND_drc_routed.pb"/>
  <File Type="ROUTE-PWR-RPX" Name="Poarta_AND_power_routed.rpx"/>
  <File Type="ROUTE-STATUS" Name="Poarta_AND_route_status.rpt"/>
  <File Type="ROUTE-STATUS-PB" Name="Poarta_AND_route_status.pb"/>
  <File Type="ROUTE-DCP" Name="Poarta_AND_routed.dcp"/>
  <File Type="ROUTE-ERROR-DCP" Name="Poarta_AND_routed_error.dcp"/>
  <File Type="ROUTE-BLACKBOX-DCP" Name="Poarta_AND_routed_bb.dcp"/>
  <File Type="ROUTE-TIMINGSUMMARY" Name="Poarta_AND_timing_summary_routed.rpt"/>
  <File Type="ROUTE-TIMING-PB" Name="Poarta_AND_timing_summary_routed.pb"/>
  <File Type="ROUTE-TIMING-RPX" Name="Poarta_AND_timing_summary_routed.rpx"/>
  <File Type="ROUTE-BUS-SKEW" Name="Poarta_AND_bus_skew_routed.rpt"/>
  <File Type="ROUTE-BUS-SKEW-PB" Name="Poarta_AND_bus_skew_routed.pb"/>
  <File Type="ROUTE-BUS-SKEW-RPX" Name="Poarta_AND_bus_skew_routed.rpx"/>
  <File Type="OPT-DCP" Name="Poarta_AND_opt.dcp"/>
  <File Type="PLACE-DCP" Name="Poarta_AND_placed.dcp"/>
  <File Type="PWROPT-DCP" Name="Poarta_AND_pwropt.dcp"/>
  <File Type="POSTPLACE-PWROPT-DCP" Name="Poarta_AND_postplace_pwropt.dcp"/>
  <File Type="PHYSOPT-DCP" Name="Poarta_AND_physopt.dcp"/>
  <File Type="POSTROUTE-PHYSOPT-DCP" Name="Poarta_AND_postroute_physopt.dcp"/>
  <File Type="POSTROUTE-PHYSOPT-BLACKBOX-DCP" Name="Poarta_AND_postroute_physopt_bb.dcp"/>
  <File Type="ROUTE-METHODOLOGY-DRC-PB" Name="Poarta_AND_methodology_drc_routed.pb"/>
  <File Type="ROUTE-DRC-RPX" Name="Poarta_AND_drc_routed.rpx"/>
  <File Type="ROUTE-METHODOLOGY-DRC-RPX" Name="Poarta_AND_methodology_drc_routed.rpx"/>
  <File Type="PDI-FILE" Name="Poarta_AND.pdi"/>
  <File Type="RCFI_FILE" Name="Poarta_AND.rcfi"/>
  <File Type="CFI_FILE" Name="Poarta_AND.cfi"/>
  <File Type="RNPI_FILE" Name="Poarta_AND.rnpi"/>
  <File Type="NPI_FILE" Name="Poarta_AND.npi"/>
  <File Type="RBD_FILE" Name="Poarta_AND.rbd"/>
  <FileSet Name="sources" Type="DesignSrcs" RelSrcDir="$PSRCDIR/sources_1" RelGenDir="$PGENDIR/sources_1">
    <Filter Type="Srcs"/>
    <File Path="$PSRCDIR/sources_1/new/Poarta_AND.vhd">
      <FileInfo>
        <Attr Name="UsedIn" Val="synthesis"/>
        <Attr Name="UsedIn" Val="simulation"/>
      </FileInfo>
    </File>
    <Config>
      <Option Name="DesignMode" Val="RTL"/>
      <Option Name="TopModule" Val="Poarta_AND"/>
      <Option Name="TopAutoSet" Val="TRUE"/>
    </Config>
  </FileSet>
  <FileSet Name="constrs_in" Type="Constrs" RelSrcDir="$PSRCDIR/constrs_1">
    <Filter Type="Constrs"/>
    <File Path="$PPRDIR/../Poarta_And/Arty-A7-35-Master.xdc">
      <FileInfo>
        <Attr Name="UsedIn" Val="synthesis"/>
        <Attr Name="UsedIn" Val="implementation"/>
      </FileInfo>
    </File>
    <Config>
      <Option Name="ConstrsType" Val="XDC"/>
    </Config>
  </FileSet>
  <FileSet Name="utils" Type="Utils" RelSrcDir="$PSRCDIR/utils_1">
    <Filter Type="Utils"/>
    <Config>
      <Option Name="TopAutoSet" Val="TRUE"/>
    </Config>
  </FileSet>
  <Strategy Version="1" Minor="2">
    <StratHandle Name="Vivado Implementation Defaults" Flow="Vivado Implementation 2020"/>
    <Step Id="init_design"/>
    <Step Id="opt_design"/>
    <Step Id="power_opt_design"/>
    <Step Id="place_design"/>
    <Step Id="post_place_power_opt_design"/>
    <Step Id="phys_opt_design"/>
    <Step Id="route_design"/>
    <Step Id="post_route_phys_opt_design"/>
    <Step Id="write_bitstream"/>
    <Step Id="write_device_image"/>
  </Strategy>
</GenRun>
