<?xml version="1.0" encoding="UTF-8"?>
<GenRun Id="synth_1" LaunchPart="xc7a35ticsg324-1L" LaunchTime="1634087199">
  <File Type="PA-TCL" Name="Bistabil_D_sincron.tcl"/>
  <File Type="RDS-PROPCONSTRS" Name="Bistabil_D_sincron_drc_synth.rpt"/>
  <File Type="REPORTS-TCL" Name="Bistabil_D_sincron_reports.tcl"/>
  <File Type="RDS-RDS" Name="Bistabil_D_sincron.vds"/>
  <File Type="RDS-UTIL" Name="Bistabil_D_sincron_utilization_synth.rpt"/>
  <File Type="RDS-UTIL-PB" Name="Bistabil_D_sincron_utilization_synth.pb"/>
  <File Type="RDS-DCP" Name="Bistabil_D_sincron.dcp"/>
  <File Type="VDS-TIMINGSUMMARY" Name="Bistabil_D_sincron_timing_summary_synth.rpt"/>
  <File Type="VDS-TIMING-PB" Name="Bistabil_D_sincron_timing_summary_synth.pb"/>
  <FileSet Name="sources" Type="DesignSrcs" RelSrcDir="$PSRCDIR/sources_1" RelGenDir="$PGENDIR/sources_1">
    <Filter Type="Srcs"/>
    <File Path="$PSRCDIR/sources_1/new/Bistabil_D_sincron.vhd">
      <FileInfo>
        <Attr Name="UsedIn" Val="synthesis"/>
        <Attr Name="UsedIn" Val="simulation"/>
      </FileInfo>
    </File>
    <Config>
      <Option Name="DesignMode" Val="RTL"/>
      <Option Name="TopModule" Val="Bistabil_D_sincron"/>
      <Option Name="TopAutoSet" Val="TRUE"/>
    </Config>
  </FileSet>
  <FileSet Name="constrs_in" Type="Constrs" RelSrcDir="$PSRCDIR/constrs_1">
    <Filter Type="Constrs"/>
    <File Path="$PSRCDIR/constrs_1/new/constr_Dsinc.xdc">
      <FileInfo>
        <Attr Name="UsedIn" Val="synthesis"/>
        <Attr Name="UsedIn" Val="implementation"/>
      </FileInfo>
    </File>
    <Config>
      <Option Name="ConstrsType" Val="XDC"/>
    </Config>
  </FileSet>
  <FileSet Name="utils" Type="Utils" RelSrcDir="$PSRCDIR/utils_1">
    <Filter Type="Utils"/>
    <Config>
      <Option Name="TopAutoSet" Val="TRUE"/>
    </Config>
  </FileSet>
  <Strategy Version="1" Minor="2">
    <StratHandle Name="Vivado Synthesis Defaults" Flow="Vivado Synthesis 2020">
      <Desc>Vivado Synthesis Defaults</Desc>
    </StratHandle>
    <Step Id="synth_design"/>
  </Strategy>
</GenRun>
