<?xml version="1.0" encoding="UTF-8"?>
<DARoots Version="1" Minor="26">
  <FileSet Name="sources" Type="DesignSrcs" RelSrcDir="$PSRCDIR/sources_1">
    <Filter Type="Srcs"/>
    <File Path="$PSRCDIR/sources_1/imports/Poarta_AND/Poarta_AND.vhd">
      <FileInfo>
        <Attr Name="ImportPath" Val="$PPRDIR/../Poarta_AND/Poarta_AND.vhd"/>
        <Attr Name="ImportTime" Val="1633509033"/>
        <Attr Name="UsedInSynthesis" Val="1"/>
        <Attr Name="UsedInSimulation" Val="1"/>
      </FileInfo>
    </File>
    <File Path="$PPRDIR/import_ise_summary.txt"/>
    <Config>
      <Option Name="DesignMode" Val="RTL"/>
      <Option Name="TopModule" Val="Poarta_AND"/>
    </Config>
  </FileSet>
</DARoots>
