<?xml version="1.0" encoding="UTF-8"?>
<GenRun Id="impl_1" LaunchPart="xc7a35ticsg324-1L" LaunchTime="1634021820">
  <File Type="ROUTE-PWR" Name="decodor_power_routed.rpt"/>
  <File Type="PA-TCL" Name="decodor.tcl"/>
  <File Type="ROUTE-PWR-SUM" Name="decodor_power_summary_routed.pb"/>
  <File Type="REPORTS-TCL" Name="decodor_reports.tcl"/>
  <File Type="BITSTR-MSK" Name="decodor.msk"/>
  <File Type="ROUTE-CLK" Name="decodor_clock_utilization_routed.rpt"/>
  <File Type="RDI-RDI" Name="decodor.vdi"/>
  <File Type="BG-BIT" Name="decodor.bit"/>
  <File Type="BG-DRC" Name="decodor.drc"/>
  <File Type="BG-BGN" Name="decodor.bgn"/>
  <File Type="BG-BIN" Name="decodor.bin"/>
  <File Type="BITSTR-RBT" Name="decodor.rbt"/>
  <File Type="BITSTR-NKY" Name="decodor.nky"/>
  <File Type="BITSTR-BMM" Name="decodor_bd.bmm"/>
  <File Type="ROUTE-METHODOLOGY-DRC" Name="decodor_methodology_drc_routed.rpt"/>
  <File Type="BITSTR-MMI" Name="decodor.mmi"/>
  <File Type="BITSTR-SYSDEF" Name="decodor.sysdef"/>
  <File Type="BITSTR-LTX" Name="debug_nets.ltx"/>
  <File Type="BITSTR-LTX" Name="decodor.ltx"/>
  <File Type="WBT-USG" Name="usage_statistics_webtalk.html"/>
  <File Type="OPT-DRC" Name="decodor_drc_opted.rpt"/>
  <File Type="OPT-HWDEF" Name="decodor.hwdef"/>
  <File Type="PLACE-IO" Name="decodor_io_placed.rpt"/>
  <File Type="PLACE-UTIL" Name="decodor_utilization_placed.rpt"/>
  <File Type="PLACE-UTIL-PB" Name="decodor_utilization_placed.pb"/>
  <File Type="PLACE-CTRL" Name="decodor_control_sets_placed.rpt"/>
  <File Type="PLACE-PRE-SIMILARITY" Name="decodor_incremental_reuse_pre_placed.rpt"/>
  <File Type="ROUTE-DRC" Name="decodor_drc_routed.rpt"/>
  <File Type="ROUTE-DRC-PB" Name="decodor_drc_routed.pb"/>
  <File Type="ROUTE-PWR-RPX" Name="decodor_power_routed.rpx"/>
  <File Type="ROUTE-STATUS" Name="decodor_route_status.rpt"/>
  <File Type="ROUTE-STATUS-PB" Name="decodor_route_status.pb"/>
  <File Type="ROUTE-DCP" Name="decodor_routed.dcp"/>
  <File Type="ROUTE-ERROR-DCP" Name="decodor_routed_error.dcp"/>
  <File Type="ROUTE-BLACKBOX-DCP" Name="decodor_routed_bb.dcp"/>
  <File Type="ROUTE-TIMINGSUMMARY" Name="decodor_timing_summary_routed.rpt"/>
  <File Type="ROUTE-TIMING-PB" Name="decodor_timing_summary_routed.pb"/>
  <File Type="ROUTE-TIMING-RPX" Name="decodor_timing_summary_routed.rpx"/>
  <File Type="ROUTE-BUS-SKEW" Name="decodor_bus_skew_routed.rpt"/>
  <File Type="ROUTE-BUS-SKEW-PB" Name="decodor_bus_skew_routed.pb"/>
  <File Type="ROUTE-BUS-SKEW-RPX" Name="decodor_bus_skew_routed.rpx"/>
  <File Type="OPT-DCP" Name="decodor_opt.dcp"/>
  <File Type="PLACE-DCP" Name="decodor_placed.dcp"/>
  <File Type="PWROPT-DCP" Name="decodor_pwropt.dcp"/>
  <File Type="POSTPLACE-PWROPT-DCP" Name="decodor_postplace_pwropt.dcp"/>
  <File Type="PHYSOPT-DCP" Name="decodor_physopt.dcp"/>
  <File Type="POSTROUTE-PHYSOPT-DCP" Name="decodor_postroute_physopt.dcp"/>
  <File Type="POSTROUTE-PHYSOPT-BLACKBOX-DCP" Name="decodor_postroute_physopt_bb.dcp"/>
  <File Type="ROUTE-METHODOLOGY-DRC-PB" Name="decodor_methodology_drc_routed.pb"/>
  <File Type="ROUTE-DRC-RPX" Name="decodor_drc_routed.rpx"/>
  <File Type="ROUTE-METHODOLOGY-DRC-RPX" Name="decodor_methodology_drc_routed.rpx"/>
  <File Type="PDI-FILE" Name="decodor.pdi"/>
  <File Type="RCFI_FILE" Name="decodor.rcfi"/>
  <File Type="CFI_FILE" Name="decodor.cfi"/>
  <File Type="RNPI_FILE" Name="decodor.rnpi"/>
  <File Type="NPI_FILE" Name="decodor.npi"/>
  <File Type="RBD_FILE" Name="decodor.rbd"/>
  <FileSet Name="sources" Type="DesignSrcs" RelSrcDir="$PSRCDIR/sources_1" RelGenDir="$PGENDIR/sources_1">
    <Filter Type="Srcs"/>
    <File Path="$PSRCDIR/sources_1/new/decodor.vhd">
      <FileInfo>
        <Attr Name="UsedIn" Val="synthesis"/>
        <Attr Name="UsedIn" Val="simulation"/>
      </FileInfo>
    </File>
    <Config>
      <Option Name="DesignMode" Val="RTL"/>
      <Option Name="TopModule" Val="decodor"/>
      <Option Name="TopAutoSet" Val="TRUE"/>
    </Config>
  </FileSet>
  <FileSet Name="constrs_in" Type="Constrs" RelSrcDir="$PSRCDIR/constrs_1">
    <Filter Type="Constrs"/>
    <File Path="$PPRDIR/Arty-A7-35-Master.xdc">
      <FileInfo>
        <Attr Name="UsedIn" Val="synthesis"/>
        <Attr Name="UsedIn" Val="implementation"/>
      </FileInfo>
    </File>
    <Config>
      <Option Name="ConstrsType" Val="XDC"/>
    </Config>
  </FileSet>
  <FileSet Name="utils" Type="Utils" RelSrcDir="$PSRCDIR/utils_1">
    <Filter Type="Utils"/>
    <Config>
      <Option Name="TopAutoSet" Val="TRUE"/>
    </Config>
  </FileSet>
  <Strategy Version="1" Minor="2">
    <StratHandle Name="Vivado Implementation Defaults" Flow="Vivado Implementation 2020"/>
    <Step Id="init_design"/>
    <Step Id="opt_design"/>
    <Step Id="power_opt_design"/>
    <Step Id="place_design"/>
    <Step Id="post_place_power_opt_design"/>
    <Step Id="phys_opt_design"/>
    <Step Id="route_design"/>
    <Step Id="post_route_phys_opt_design"/>
    <Step Id="write_bitstream"/>
    <Step Id="write_device_image"/>
  </Strategy>
</GenRun>
