<?xml version="1.0" encoding="UTF-8"?>
<GenRun Id="impl_1" LaunchPart="xc7a35ticsg324-1L" LaunchTime="1634054799">
  <File Type="BITSTR-BMM" Name="Bistabil_RS_asincron_bd.bmm"/>
  <File Type="OPT-METHODOLOGY-DRC" Name="Bistabil_RS_asincron_methodology_drc_opted.rpt"/>
  <File Type="INIT-TIMING" Name="Bistabil_RS_asincron_timing_summary_init.rpt"/>
  <File Type="ROUTE-PWR" Name="Bistabil_RS_asincron_power_routed.rpt"/>
  <File Type="PA-TCL" Name="Bistabil_RS_asincron.tcl"/>
  <File Type="OPT-TIMING" Name="Bistabil_RS_asincron_timing_summary_opted.rpt"/>
  <File Type="OPT-DCP" Name="Bistabil_RS_asincron_opt.dcp"/>
  <File Type="ROUTE-PWR-SUM" Name="Bistabil_RS_asincron_power_summary_routed.pb"/>
  <File Type="REPORTS-TCL" Name="Bistabil_RS_asincron_reports.tcl"/>
  <File Type="OPT-DRC" Name="Bistabil_RS_asincron_drc_opted.rpt"/>
  <File Type="OPT-HWDEF" Name="Bistabil_RS_asincron.hwdef"/>
  <File Type="PWROPT-DCP" Name="Bistabil_RS_asincron_pwropt.dcp"/>
  <File Type="PWROPT-DRC" Name="Bistabil_RS_asincron_drc_pwropted.rpt"/>
  <File Type="PWROPT-TIMING" Name="Bistabil_RS_asincron_timing_summary_pwropted.rpt"/>
  <File Type="PLACE-DCP" Name="Bistabil_RS_asincron_placed.dcp"/>
  <File Type="PLACE-IO" Name="Bistabil_RS_asincron_io_placed.rpt"/>
  <File Type="PLACE-CLK" Name="Bistabil_RS_asincron_clock_utilization_placed.rpt"/>
  <File Type="PLACE-UTIL" Name="Bistabil_RS_asincron_utilization_placed.rpt"/>
  <File Type="PLACE-UTIL-PB" Name="Bistabil_RS_asincron_utilization_placed.pb"/>
  <File Type="PLACE-CTRL" Name="Bistabil_RS_asincron_control_sets_placed.rpt"/>
  <File Type="PLACE-SIMILARITY" Name="Bistabil_RS_asincron_incremental_reuse_placed.rpt"/>
  <File Type="PLACE-PRE-SIMILARITY" Name="Bistabil_RS_asincron_incremental_reuse_pre_placed.rpt"/>
  <File Type="PLACE-TIMING" Name="Bistabil_RS_asincron_timing_summary_placed.rpt"/>
  <File Type="POSTPLACE-PWROPT-DCP" Name="Bistabil_RS_asincron_postplace_pwropt.dcp"/>
  <File Type="BG-BIN" Name="Bistabil_RS_asincron.bin"/>
  <File Type="POSTPLACE-PWROPT-TIMING" Name="Bistabil_RS_asincron_timing_summary_postplace_pwropted.rpt"/>
  <File Type="PHYSOPT-DCP" Name="Bistabil_RS_asincron_physopt.dcp"/>
  <File Type="PHYSOPT-DRC" Name="Bistabil_RS_asincron_drc_physopted.rpt"/>
  <File Type="BITSTR-MSK" Name="Bistabil_RS_asincron.msk"/>
  <File Type="PHYSOPT-TIMING" Name="Bistabil_RS_asincron_timing_summary_physopted.rpt"/>
  <File Type="ROUTE-ERROR-DCP" Name="Bistabil_RS_asincron_routed_error.dcp"/>
  <File Type="ROUTE-DCP" Name="Bistabil_RS_asincron_routed.dcp"/>
  <File Type="ROUTE-BLACKBOX-DCP" Name="Bistabil_RS_asincron_routed_bb.dcp"/>
  <File Type="ROUTE-DRC" Name="Bistabil_RS_asincron_drc_routed.rpt"/>
  <File Type="ROUTE-DRC-PB" Name="Bistabil_RS_asincron_drc_routed.pb"/>
  <File Type="ROUTE-DRC-RPX" Name="Bistabil_RS_asincron_drc_routed.rpx"/>
  <File Type="BITSTR-MMI" Name="Bistabil_RS_asincron.mmi"/>
  <File Type="ROUTE-METHODOLOGY-DRC" Name="Bistabil_RS_asincron_methodology_drc_routed.rpt"/>
  <File Type="ROUTE-METHODOLOGY-DRC-RPX" Name="Bistabil_RS_asincron_methodology_drc_routed.rpx"/>
  <File Type="ROUTE-METHODOLOGY-DRC-PB" Name="Bistabil_RS_asincron_methodology_drc_routed.pb"/>
  <File Type="ROUTE-PWR-RPX" Name="Bistabil_RS_asincron_power_routed.rpx"/>
  <File Type="ROUTE-STATUS" Name="Bistabil_RS_asincron_route_status.rpt"/>
  <File Type="ROUTE-STATUS-PB" Name="Bistabil_RS_asincron_route_status.pb"/>
  <File Type="ROUTE-TIMINGSUMMARY" Name="Bistabil_RS_asincron_timing_summary_routed.rpt"/>
  <File Type="ROUTE-TIMING-PB" Name="Bistabil_RS_asincron_timing_summary_routed.pb"/>
  <File Type="ROUTE-TIMING-RPX" Name="Bistabil_RS_asincron_timing_summary_routed.rpx"/>
  <File Type="ROUTE-SIMILARITY" Name="Bistabil_RS_asincron_incremental_reuse_routed.rpt"/>
  <File Type="ROUTE-CLK" Name="Bistabil_RS_asincron_clock_utilization_routed.rpt"/>
  <File Type="ROUTE-BUS-SKEW" Name="Bistabil_RS_asincron_bus_skew_routed.rpt"/>
  <File Type="ROUTE-BUS-SKEW-PB" Name="Bistabil_RS_asincron_bus_skew_routed.pb"/>
  <File Type="ROUTE-BUS-SKEW-RPX" Name="Bistabil_RS_asincron_bus_skew_routed.rpx"/>
  <File Type="POSTROUTE-PHYSOPT-DCP" Name="Bistabil_RS_asincron_postroute_physopt.dcp"/>
  <File Type="POSTROUTE-PHYSOPT-BLACKBOX-DCP" Name="Bistabil_RS_asincron_postroute_physopt_bb.dcp"/>
  <File Type="POSTROUTE-PHYSOPT-TIMING" Name="Bistabil_RS_asincron_timing_summary_postroute_physopted.rpt"/>
  <File Type="POSTROUTE-PHYSOPT-TIMING-PB" Name="Bistabil_RS_asincron_timing_summary_postroute_physopted.pb"/>
  <File Type="POSTROUTE-PHYSOPT-TIMING-RPX" Name="Bistabil_RS_asincron_timing_summary_postroute_physopted.rpx"/>
  <File Type="POSTROUTE-PHYSOPT-BUS-SKEW" Name="Bistabil_RS_asincron_bus_skew_postroute_physopted.rpt"/>
  <File Type="POSTROUTE-PHYSOPT-BUS-SKEW-PB" Name="Bistabil_RS_asincron_bus_skew_postroute_physopted.pb"/>
  <File Type="BG-BIT" Name="Bistabil_RS_asincron.bit"/>
  <File Type="POSTROUTE-PHYSOPT-BUS-SKEW-RPX" Name="Bistabil_RS_asincron_bus_skew_postroute_physopted.rpx"/>
  <File Type="BITSTR-RBT" Name="Bistabil_RS_asincron.rbt"/>
  <File Type="BITSTR-NKY" Name="Bistabil_RS_asincron.nky"/>
  <File Type="PDI-FILE" Name="Bistabil_RS_asincron.pdi"/>
  <File Type="RCFI_FILE" Name="Bistabil_RS_asincron.rcfi"/>
  <File Type="CFI_FILE" Name="Bistabil_RS_asincron.cfi"/>
  <File Type="RNPI_FILE" Name="Bistabil_RS_asincron.rnpi"/>
  <File Type="NPI_FILE" Name="Bistabil_RS_asincron.npi"/>
  <File Type="RBD_FILE" Name="Bistabil_RS_asincron.rbd"/>
  <File Type="BITSTR-LTX" Name="debug_nets.ltx"/>
  <File Type="BITSTR-LTX" Name="Bistabil_RS_asincron.ltx"/>
  <File Type="BITSTR-SYSDEF" Name="Bistabil_RS_asincron.sysdef"/>
  <File Type="BG-BGN" Name="Bistabil_RS_asincron.bgn"/>
  <File Type="BG-DRC" Name="Bistabil_RS_asincron.drc"/>
  <File Type="RDI-RDI" Name="Bistabil_RS_asincron.vdi"/>
  <File Type="WBT-USG" Name="usage_statistics_webtalk.html"/>
  <FileSet Name="sources" Type="DesignSrcs" RelSrcDir="$PSRCDIR/sources_1" RelGenDir="$PGENDIR/sources_1">
    <Filter Type="Srcs"/>
    <File Path="$PSRCDIR/sources_1/new/Bistabil_RS_asincron.vhd">
      <FileInfo>
        <Attr Name="UsedIn" Val="synthesis"/>
        <Attr Name="UsedIn" Val="simulation"/>
      </FileInfo>
    </File>
    <Config>
      <Option Name="DesignMode" Val="RTL"/>
      <Option Name="TopModule" Val="Bistabil_RS_asincron"/>
      <Option Name="TopAutoSet" Val="TRUE"/>
    </Config>
  </FileSet>
  <FileSet Name="constrs_in" Type="Constrs" RelSrcDir="$PSRCDIR/constrs_1">
    <Filter Type="Constrs"/>
    <File Path="$PSRCDIR/constrs_1/new/constr_bistabRSasinc.xdc">
      <FileInfo>
        <Attr Name="UsedIn" Val="synthesis"/>
        <Attr Name="UsedIn" Val="implementation"/>
      </FileInfo>
    </File>
    <Config>
      <Option Name="ConstrsType" Val="XDC"/>
    </Config>
  </FileSet>
  <FileSet Name="utils" Type="Utils" RelSrcDir="$PSRCDIR/utils_1">
    <Filter Type="Utils"/>
    <Config>
      <Option Name="TopAutoSet" Val="TRUE"/>
    </Config>
  </FileSet>
  <Strategy Version="1" Minor="2">
    <StratHandle Name="Vivado Implementation Defaults" Flow="Vivado Implementation 2020"/>
    <Step Id="init_design"/>
    <Step Id="opt_design"/>
    <Step Id="power_opt_design"/>
    <Step Id="place_design"/>
    <Step Id="post_place_power_opt_design"/>
    <Step Id="phys_opt_design"/>
    <Step Id="route_design"/>
    <Step Id="post_route_phys_opt_design"/>
    <Step Id="write_bitstream"/>
  </Strategy>
</GenRun>
