<?xml version="1.0" encoding="UTF-8"?>
<!-- IMPORTANT: This is an internal file that has been generated
     by the Xilinx ISE software.  Any direct editing or
     changes made to this file may result in unpredictable
     behavior or data corruption.  It is strongly advised that
     users do not edit the contents of this file. -->
<DeviceUsageSummary rev="4">
<DesignStatistics TimeStamp="Mon Oct 18 08:45:40 2021"><group name="NetStatistics">
<item name="NumNets_Active" rev="4">
<attrib name="value" value="32"/></item>
<item name="NumNets_Gnd" rev="4">
<attrib name="value" value="1"/></item>
<item name="NumNets_Vcc" rev="4">
<attrib name="value" value="1"/></item>
<item name="NumNodesOfType_Active_BRAMADDR" rev="4">
<attrib name="value" value="16"/></item>
<item name="NumNodesOfType_Active_BRAMDUMMY" rev="4">
<attrib name="value" value="1"/></item>
<item name="NumNodesOfType_Active_CLKPIN" rev="4">
<attrib name="value" value="16"/></item>
<item name="NumNodesOfType_Active_CNTRLPIN" rev="4">
<attrib name="value" value="9"/></item>
<item name="NumNodesOfType_Active_DOUBLE" rev="4">
<attrib name="value" value="67"/></item>
<item name="NumNodesOfType_Active_DUMMY" rev="4">
<attrib name="value" value="20"/></item>
<item name="NumNodesOfType_Active_DUMMYBANK" rev="4">
<attrib name="value" value="8"/></item>
<item name="NumNodesOfType_Active_DUMMYESC" rev="4">
<attrib name="value" value="2"/></item>
<item name="NumNodesOfType_Active_GLOBAL" rev="4">
<attrib name="value" value="14"/></item>
<item name="NumNodesOfType_Active_HUNIHEX" rev="4">
<attrib name="value" value="2"/></item>
<item name="NumNodesOfType_Active_INPUT" rev="4">
<attrib name="value" value="44"/></item>
<item name="NumNodesOfType_Active_IOBOUTPUT" rev="4">
<attrib name="value" value="2"/></item>
<item name="NumNodesOfType_Active_OMUX" rev="4">
<attrib name="value" value="22"/></item>
<item name="NumNodesOfType_Active_OUTPUT" rev="4">
<attrib name="value" value="19"/></item>
<item name="NumNodesOfType_Active_PREBXBY" rev="4">
<attrib name="value" value="3"/></item>
<item name="NumNodesOfType_Active_VFULLHEX" rev="4">
<attrib name="value" value="5"/></item>
<item name="NumNodesOfType_Active_VLONG" rev="4">
<attrib name="value" value="2"/></item>
<item name="NumNodesOfType_Active_VUNIHEX" rev="4">
<attrib name="value" value="8"/></item>
<item name="NumNodesOfType_Gnd_BRAMADDR" rev="4">
<attrib name="value" value="1"/></item>
<item name="NumNodesOfType_Gnd_BRAMDUMMY" rev="4">
<attrib name="value" value="40"/></item>
<item name="NumNodesOfType_Gnd_DOUBLE" rev="4">
<attrib name="value" value="5"/></item>
<item name="NumNodesOfType_Gnd_DUMMYBANK" rev="4">
<attrib name="value" value="8"/></item>
<item name="NumNodesOfType_Gnd_INPUT" rev="4">
<attrib name="value" value="45"/></item>
<item name="NumNodesOfType_Gnd_OMUX" rev="4">
<attrib name="value" value="8"/></item>
<item name="NumNodesOfType_Gnd_OUTPUT" rev="4">
<attrib name="value" value="4"/></item>
<item name="NumNodesOfType_Gnd_PREBXBY" rev="4">
<attrib name="value" value="2"/></item>
</group>
<group name="MiscellaneousStatistics">
<item name="AGG_BONDED_IO" rev="3">
<attrib name="value" value="10"/></item>
<item name="AGG_IO" rev="3">
<attrib name="value" value="10"/></item>
<item name="AGG_SLICE" rev="3">
<attrib name="value" value="8"/></item>
<item name="NUM_4_INPUT_LUT" rev="3">
<attrib name="value" value="11"/></item>
<item name="NUM_BONDED_IBUF" rev="3">
<attrib name="value" value="2"/></item>
<item name="NUM_BONDED_IOB" rev="3">
<attrib name="value" value="8"/></item>
<item name="NUM_BUFGMUX" rev="3">
<attrib name="value" value="1"/></item>
<item name="NUM_CYMUX" rev="3">
<attrib name="value" value="7"/></item>
<item name="NUM_IOB_FF" rev="3">
<attrib name="value" value="6"/></item>
<item name="NUM_LUT_RT" rev="3">
<attrib name="value" value="7"/></item>
<item name="NUM_RAMB16" rev="3">
<attrib name="value" value="1"/></item>
<item name="NUM_SLICEL" rev="3">
<attrib name="value" value="8"/></item>
<item name="NUM_SLICE_FF" rev="3">
<attrib name="value" value="11"/></item>
<item name="NUM_SLICE_LATCH" rev="3">
<attrib name="value" value="3"/></item>
<item name="NUM_XOR" rev="3">
<attrib name="value" value="8"/></item>
<item name="Xilinx Core blk_mem_gen_v7_3, Xilinx CORE Generator 14.7" rev="3">
<attrib name="value" value="1"/></item>
<item name="Xilinx Core c_counter_binary_v11_0, Xilinx CORE Generator 14.7" rev="3">
<attrib name="value" value="1"/></item>
</group>
<group name="SiteStatistics">
<item name="IBUF-DIFFS" rev="4">
<attrib name="value" value="1"/></item>
<item name="IOB-DIFFM" rev="4">
<attrib name="value" value="4"/></item>
<item name="IOB-DIFFS" rev="4">
<attrib name="value" value="4"/></item>
<item name="SLICEL-SLICEM" rev="4">
<attrib name="value" value="2"/></item>
</group>
</DesignStatistics>
<DeviceUsage TimeStamp="Mon Oct 18 08:45:40 2021"><group name="SiteSummary">
<item name="BUFGMUX" rev="4">
<attrib name="total" value="1000000"/><attrib name="used" value="1"/></item>
<item name="BUFGMUX_GCLKMUX" rev="4">
<attrib name="total" value="1000000"/><attrib name="used" value="1"/></item>
<item name="BUFGMUX_GCLK_BUFFER" rev="4">
<attrib name="total" value="1000000"/><attrib name="used" value="1"/></item>
<item name="IBUF" rev="4">
<attrib name="total" value="1000000"/><attrib name="used" value="2"/></item>
<item name="IBUF_INBUF" rev="4">
<attrib name="total" value="1000000"/><attrib name="used" value="2"/></item>
<item name="IBUF_PAD" rev="4">
<attrib name="total" value="1000000"/><attrib name="used" value="2"/></item>
<item name="IOB" rev="4">
<attrib name="total" value="1000000"/><attrib name="used" value="8"/></item>
<item name="IOB_OFF1" rev="4">
<attrib name="total" value="1000000"/><attrib name="used" value="6"/></item>
<item name="IOB_OUTBUF" rev="4">
<attrib name="total" value="1000000"/><attrib name="used" value="8"/></item>
<item name="IOB_PAD" rev="4">
<attrib name="total" value="1000000"/><attrib name="used" value="8"/></item>
<item name="RAMB16" rev="4">
<attrib name="total" value="1000000"/><attrib name="used" value="1"/></item>
<item name="RAMB16_RAMB16" rev="4">
<attrib name="total" value="1000000"/><attrib name="used" value="1"/></item>
<item name="RAMB16_RAMB16A" rev="4">
<attrib name="total" value="1000000"/><attrib name="used" value="1"/></item>
<item name="RAMB16_RAMB16B" rev="4">
<attrib name="total" value="1000000"/><attrib name="used" value="1"/></item>
<item name="SLICEL" rev="4">
<attrib name="total" value="1000000"/><attrib name="used" value="8"/></item>
<item name="SLICEL_C1VDD" rev="4">
<attrib name="total" value="1000000"/><attrib name="used" value="1"/></item>
<item name="SLICEL_CYMUXF" rev="4">
<attrib name="total" value="1000000"/><attrib name="used" value="4"/></item>
<item name="SLICEL_CYMUXG" rev="4">
<attrib name="total" value="1000000"/><attrib name="used" value="3"/></item>
<item name="SLICEL_F" rev="4">
<attrib name="total" value="1000000"/><attrib name="used" value="5"/></item>
<item name="SLICEL_FFX" rev="4">
<attrib name="total" value="1000000"/><attrib name="used" value="6"/></item>
<item name="SLICEL_FFY" rev="4">
<attrib name="total" value="1000000"/><attrib name="used" value="8"/></item>
<item name="SLICEL_G" rev="4">
<attrib name="total" value="1000000"/><attrib name="used" value="6"/></item>
<item name="SLICEL_GNDF" rev="4">
<attrib name="total" value="1000000"/><attrib name="used" value="3"/></item>
<item name="SLICEL_GNDG" rev="4">
<attrib name="total" value="1000000"/><attrib name="used" value="3"/></item>
<item name="SLICEL_XORF" rev="4">
<attrib name="total" value="1000000"/><attrib name="used" value="4"/></item>
<item name="SLICEL_XORG" rev="4">
<attrib name="total" value="1000000"/><attrib name="used" value="4"/></item>
</group>
</DeviceUsage>
<ReportConfigData TimeStamp="Mon Oct 18 08:45:40 2021"><group name="IBUF_PAD">
<item name="IOATTRBOX" rev="4">
<attrib name="LVCMOS25" value="2"/></item>
</group>
<group name="SLICEL">
<item name="BX" rev="4">
<attrib name="BX_INV" value="0"/><attrib name="BX" value="2"/></item>
<item name="BY" rev="4">
<attrib name="BY" value="2"/><attrib name="BY_INV" value="0"/></item>
<item name="CE" rev="4">
<attrib name="CE" value="1"/><attrib name="CE_INV" value="0"/></item>
<item name="CIN" rev="4">
<attrib name="CIN_INV" value="0"/><attrib name="CIN" value="3"/></item>
<item name="CLK" rev="4">
<attrib name="CLK" value="6"/><attrib name="CLK_INV" value="2"/></item>
<item name="SR" rev="4">
<attrib name="SR" value="2"/><attrib name="SR_INV" value="0"/></item>
</group>
<group name="RAMB16">
<item name="CLKA" rev="4">
<attrib name="CLKA_INV" value="0"/><attrib name="CLKA" value="1"/></item>
<item name="CLKB" rev="4">
<attrib name="CLKB_INV" value="0"/><attrib name="CLKB" value="1"/></item>
<item name="ENA" rev="4">
<attrib name="ENA_INV" value="0"/><attrib name="ENA" value="1"/></item>
<item name="ENB" rev="4">
<attrib name="ENB_INV" value="0"/><attrib name="ENB" value="1"/></item>
<item name="SSRA" rev="4">
<attrib name="SSRA_INV" value="0"/><attrib name="SSRA" value="1"/></item>
<item name="SSRB" rev="4">
<attrib name="SSRB_INV" value="0"/><attrib name="SSRB" value="1"/></item>
<item name="WEA" rev="4">
<attrib name="WEA" value="1"/><attrib name="WEA_INV" value="0"/></item>
<item name="WEB" rev="4">
<attrib name="WEB" value="1"/><attrib name="WEB_INV" value="0"/></item>
</group>
<group name="IOB_OFF1">
<item name="CK" rev="4">
<attrib name="CK" value="6"/><attrib name="CK_INV" value="0"/></item>
<item name="D" rev="4">
<attrib name="D" value="6"/><attrib name="D_INV" value="0"/></item>
<item name="LATCH_OR_FF" rev="4">
<attrib name="FF" value="6"/></item>
<item name="OFF1_INIT_ATTR" rev="4">
<attrib name="INIT0" value="2"/><attrib name="INIT1" value="4"/></item>
<item name="OFF1_SR_ATTR" rev="4">
<attrib name="SRLOW" value="2"/><attrib name="SRHIGH" value="4"/></item>
<item name="OFFATTRBOX" rev="4">
<attrib name="SYNC" value="6"/></item>
<item name="SR" rev="4">
<attrib name="SR" value="6"/><attrib name="SR_INV" value="0"/></item>
</group>
<group name="IOB_OUTBUF">
<item name="IN" rev="4">
<attrib name="IN_INV" value="0"/><attrib name="IN" value="8"/></item>
</group>
<group name="SLICEL_CYMUXF">
<item name="0" rev="4">
<attrib name="0" value="4"/><attrib name="0_INV" value="0"/></item>
<item name="1" rev="4">
<attrib name="1_INV" value="0"/><attrib name="1" value="4"/></item>
</group>
<group name="SLICEL_CYMUXG">
<item name="0" rev="4">
<attrib name="0" value="3"/><attrib name="0_INV" value="0"/></item>
</group>
<group name="BUFGMUX_GCLKMUX">
<item name="DISABLE_ATTR" rev="4">
<attrib name="LOW" value="1"/></item>
<item name="S" rev="4">
<attrib name="S_INV" value="1"/><attrib name="S" value="0"/></item>
</group>
<group name="SLICEL_FFX">
<item name="CK" rev="4">
<attrib name="CK" value="5"/><attrib name="CK_INV" value="1"/></item>
<item name="D" rev="4">
<attrib name="D" value="6"/><attrib name="D_INV" value="0"/></item>
<item name="FFX_INIT_ATTR" rev="4">
<attrib name="INIT0" value="6"/></item>
<item name="FFX_SR_ATTR" rev="4">
<attrib name="SRLOW" value="6"/></item>
<item name="LATCH_OR_FF" rev="4">
<attrib name="FF" value="5"/><attrib name="LATCH" value="1"/></item>
<item name="SR" rev="4">
<attrib name="SR" value="1"/><attrib name="SR_INV" value="0"/></item>
<item name="SYNC_ATTR" rev="4">
<attrib name="ASYNC" value="5"/><attrib name="SYNC" value="1"/></item>
</group>
<group name="SLICEL_XORF">
<item name="1" rev="4">
<attrib name="1_INV" value="0"/><attrib name="1" value="4"/></item>
</group>
<group name="SLICEL_FFY">
<item name="CE" rev="4">
<attrib name="CE" value="1"/><attrib name="CE_INV" value="0"/></item>
<item name="CK" rev="4">
<attrib name="CK" value="6"/><attrib name="CK_INV" value="2"/></item>
<item name="D" rev="4">
<attrib name="D" value="8"/><attrib name="D_INV" value="0"/></item>
<item name="FFY_INIT_ATTR" rev="4">
<attrib name="INIT0" value="7"/><attrib name="INIT1" value="1"/></item>
<item name="FFY_SR_ATTR" rev="4">
<attrib name="SRLOW" value="7"/><attrib name="SRHIGH" value="1"/></item>
<item name="LATCH_OR_FF" rev="4">
<attrib name="FF" value="6"/><attrib name="LATCH" value="2"/></item>
<item name="SR" rev="4">
<attrib name="SR" value="2"/><attrib name="SR_INV" value="0"/></item>
<item name="SYNC_ATTR" rev="4">
<attrib name="ASYNC" value="6"/><attrib name="SYNC" value="2"/></item>
</group>
<group name="RAMB16_RAMB16A">
<item name="CLKA" rev="4">
<attrib name="CLKA_INV" value="0"/><attrib name="CLKA" value="1"/></item>
<item name="ENA" rev="4">
<attrib name="ENA_INV" value="0"/><attrib name="ENA" value="1"/></item>
<item name="PORTA_ATTR" rev="4">
<attrib name="512X36" value="1"/></item>
<item name="SSRA" rev="4">
<attrib name="SSRA_INV" value="0"/><attrib name="SSRA" value="1"/></item>
<item name="WEA" rev="4">
<attrib name="WEA" value="1"/><attrib name="WEA_INV" value="0"/></item>
<item name="WRITEMODEA" rev="4">
<attrib name="WRITE_FIRST" value="1"/></item>
</group>
<group name="RAMB16_RAMB16B">
<item name="CLKB" rev="4">
<attrib name="CLKB_INV" value="0"/><attrib name="CLKB" value="1"/></item>
<item name="ENB" rev="4">
<attrib name="ENB_INV" value="0"/><attrib name="ENB" value="1"/></item>
<item name="PORTB_ATTR" rev="4">
<attrib name="512X36" value="1"/></item>
<item name="SSRB" rev="4">
<attrib name="SSRB_INV" value="0"/><attrib name="SSRB" value="1"/></item>
<item name="WEB" rev="4">
<attrib name="WEB" value="1"/><attrib name="WEB_INV" value="0"/></item>
<item name="WRITEMODEB" rev="4">
<attrib name="WRITE_FIRST" value="1"/></item>
</group>
<group name="IOB_PAD">
<item name="DRIVEATTRBOX" rev="4">
<attrib name="12" value="8"/></item>
<item name="IOATTRBOX" rev="4">
<attrib name="LVCMOS25" value="8"/></item>
<item name="SLEW" rev="4">
<attrib name="SLOW" value="8"/></item>
</group>
<group name="IOB">
<item name="O1" rev="4">
<attrib name="O1_INV" value="0"/><attrib name="O1" value="8"/></item>
<item name="OTCLK1" rev="4">
<attrib name="OTCLK1_INV" value="0"/><attrib name="OTCLK1" value="6"/></item>
<item name="SR" rev="4">
<attrib name="SR" value="6"/><attrib name="SR_INV" value="0"/></item>
</group>
<group name="BUFGMUX">
<item name="S" rev="4">
<attrib name="S_INV" value="1"/><attrib name="S" value="0"/></item>
</group>
</ReportConfigData>
<ReportPinData TimeStamp="Mon Oct 18 08:45:40 2021"><group name="IBUF_PAD">
<item name="PAD" rev="4">
<attrib name="value" value="2"/></item>
</group>
<group name="IBUF_INBUF">
<item name="IN" rev="4">
<attrib name="value" value="2"/></item>
<item name="OUT" rev="4">
<attrib name="value" value="2"/></item>
</group>
<group name="SLICEL">
<item name="BX" rev="4">
<attrib name="value" value="2"/></item>
<item name="BY" rev="4">
<attrib name="value" value="2"/></item>
<item name="CE" rev="4">
<attrib name="value" value="1"/></item>
<item name="CIN" rev="4">
<attrib name="value" value="3"/></item>
<item name="CLK" rev="4">
<attrib name="value" value="8"/></item>
<item name="COUT" rev="4">
<attrib name="value" value="3"/></item>
<item name="F1" rev="4">
<attrib name="value" value="5"/></item>
<item name="F2" rev="4">
<attrib name="value" value="1"/></item>
<item name="F3" rev="4">
<attrib name="value" value="1"/></item>
<item name="G1" rev="4">
<attrib name="value" value="6"/></item>
<item name="G2" rev="4">
<attrib name="value" value="2"/></item>
<item name="SR" rev="4">
<attrib name="value" value="2"/></item>
<item name="X" rev="4">
<attrib name="value" value="1"/></item>
<item name="XQ" rev="4">
<attrib name="value" value="6"/></item>
<item name="YQ" rev="4">
<attrib name="value" value="8"/></item>
</group>
<group name="RAMB16">
<item name="ADDRA10" rev="4">
<attrib name="value" value="1"/></item>
<item name="ADDRA11" rev="4">
<attrib name="value" value="1"/></item>
<item name="ADDRA12" rev="4">
<attrib name="value" value="1"/></item>
<item name="ADDRA13" rev="4">
<attrib name="value" value="1"/></item>
<item name="ADDRA5" rev="4">
<attrib name="value" value="1"/></item>
<item name="ADDRA6" rev="4">
<attrib name="value" value="1"/></item>
<item name="ADDRA7" rev="4">
<attrib name="value" value="1"/></item>
<item name="ADDRA8" rev="4">
<attrib name="value" value="1"/></item>
<item name="ADDRA9" rev="4">
<attrib name="value" value="1"/></item>
<item name="ADDRB10" rev="4">
<attrib name="value" value="1"/></item>
<item name="ADDRB11" rev="4">
<attrib name="value" value="1"/></item>
<item name="ADDRB12" rev="4">
<attrib name="value" value="1"/></item>
<item name="ADDRB13" rev="4">
<attrib name="value" value="1"/></item>
<item name="ADDRB5" rev="4">
<attrib name="value" value="1"/></item>
<item name="ADDRB6" rev="4">
<attrib name="value" value="1"/></item>
<item name="ADDRB7" rev="4">
<attrib name="value" value="1"/></item>
<item name="ADDRB8" rev="4">
<attrib name="value" value="1"/></item>
<item name="ADDRB9" rev="4">
<attrib name="value" value="1"/></item>
<item name="CLKA" rev="4">
<attrib name="value" value="1"/></item>
<item name="CLKB" rev="4">
<attrib name="value" value="1"/></item>
<item name="DIB0" rev="4">
<attrib name="value" value="1"/></item>
<item name="DIB1" rev="4">
<attrib name="value" value="1"/></item>
<item name="DIB10" rev="4">
<attrib name="value" value="1"/></item>
<item name="DIB11" rev="4">
<attrib name="value" value="1"/></item>
<item name="DIB12" rev="4">
<attrib name="value" value="1"/></item>
<item name="DIB13" rev="4">
<attrib name="value" value="1"/></item>
<item name="DIB14" rev="4">
<attrib name="value" value="1"/></item>
<item name="DIB15" rev="4">
<attrib name="value" value="1"/></item>
<item name="DIB16" rev="4">
<attrib name="value" value="1"/></item>
<item name="DIB17" rev="4">
<attrib name="value" value="1"/></item>
<item name="DIB18" rev="4">
<attrib name="value" value="1"/></item>
<item name="DIB19" rev="4">
<attrib name="value" value="1"/></item>
<item name="DIB2" rev="4">
<attrib name="value" value="1"/></item>
<item name="DIB20" rev="4">
<attrib name="value" value="1"/></item>
<item name="DIB21" rev="4">
<attrib name="value" value="1"/></item>
<item name="DIB22" rev="4">
<attrib name="value" value="1"/></item>
<item name="DIB23" rev="4">
<attrib name="value" value="1"/></item>
<item name="DIB24" rev="4">
<attrib name="value" value="1"/></item>
<item name="DIB25" rev="4">
<attrib name="value" value="1"/></item>
<item name="DIB26" rev="4">
<attrib name="value" value="1"/></item>
<item name="DIB27" rev="4">
<attrib name="value" value="1"/></item>
<item name="DIB28" rev="4">
<attrib name="value" value="1"/></item>
<item name="DIB29" rev="4">
<attrib name="value" value="1"/></item>
<item name="DIB3" rev="4">
<attrib name="value" value="1"/></item>
<item name="DIB30" rev="4">
<attrib name="value" value="1"/></item>
<item name="DIB31" rev="4">
<attrib name="value" value="1"/></item>
<item name="DIB4" rev="4">
<attrib name="value" value="1"/></item>
<item name="DIB5" rev="4">
<attrib name="value" value="1"/></item>
<item name="DIB6" rev="4">
<attrib name="value" value="1"/></item>
<item name="DIB7" rev="4">
<attrib name="value" value="1"/></item>
<item name="DIB8" rev="4">
<attrib name="value" value="1"/></item>
<item name="DIB9" rev="4">
<attrib name="value" value="1"/></item>
<item name="DIPB0" rev="4">
<attrib name="value" value="1"/></item>
<item name="DIPB1" rev="4">
<attrib name="value" value="1"/></item>
<item name="DIPB2" rev="4">
<attrib name="value" value="1"/></item>
<item name="DIPB3" rev="4">
<attrib name="value" value="1"/></item>
<item name="DOA0" rev="4">
<attrib name="value" value="1"/></item>
<item name="ENA" rev="4">
<attrib name="value" value="1"/></item>
<item name="ENB" rev="4">
<attrib name="value" value="1"/></item>
<item name="SSRA" rev="4">
<attrib name="value" value="1"/></item>
<item name="SSRB" rev="4">
<attrib name="value" value="1"/></item>
<item name="WEA" rev="4">
<attrib name="value" value="1"/></item>
<item name="WEB" rev="4">
<attrib name="value" value="1"/></item>
</group>
<group name="IOB_OFF1">
<item name="CK" rev="4">
<attrib name="value" value="6"/></item>
<item name="D" rev="4">
<attrib name="value" value="6"/></item>
<item name="Q" rev="4">
<attrib name="value" value="6"/></item>
<item name="SR" rev="4">
<attrib name="value" value="6"/></item>
</group>
<group name="RAMB16_RAMB16">
<item name="ADDRA" rev="4">
<attrib name="value" value="1"/></item>
<item name="ADDRB" rev="4">
<attrib name="value" value="1"/></item>
<item name="DIA" rev="4">
<attrib name="value" value="1"/></item>
<item name="DIB" rev="4">
<attrib name="value" value="1"/></item>
<item name="DOA" rev="4">
<attrib name="value" value="1"/></item>
<item name="DOB" rev="4">
<attrib name="value" value="1"/></item>
</group>
<group name="IOB_OUTBUF">
<item name="IN" rev="4">
<attrib name="value" value="8"/></item>
<item name="OUT" rev="4">
<attrib name="value" value="8"/></item>
</group>
<group name="SLICEL_CYMUXF">
<item name="0" rev="4">
<attrib name="value" value="4"/></item>
<item name="1" rev="4">
<attrib name="value" value="4"/></item>
<item name="OUT" rev="4">
<attrib name="value" value="4"/></item>
<item name="S0" rev="4">
<attrib name="value" value="4"/></item>
</group>
<group name="SLICEL_CYMUXG">
<item name="0" rev="4">
<attrib name="value" value="3"/></item>
<item name="1" rev="4">
<attrib name="value" value="3"/></item>
<item name="OUT" rev="4">
<attrib name="value" value="3"/></item>
<item name="S0" rev="4">
<attrib name="value" value="3"/></item>
</group>
<group name="BUFGMUX_GCLKMUX">
<item name="I0" rev="4">
<attrib name="value" value="1"/></item>
<item name="OUT" rev="4">
<attrib name="value" value="1"/></item>
<item name="S" rev="4">
<attrib name="value" value="1"/></item>
</group>
<group name="SLICEL_C1VDD">
<item name="1" rev="4">
<attrib name="value" value="1"/></item>
</group>
<group name="IBUF">
<item name="I" rev="4">
<attrib name="value" value="2"/></item>
<item name="PAD" rev="4">
<attrib name="value" value="2"/></item>
</group>
<group name="SLICEL_FFX">
<item name="CK" rev="4">
<attrib name="value" value="6"/></item>
<item name="D" rev="4">
<attrib name="value" value="6"/></item>
<item name="Q" rev="4">
<attrib name="value" value="6"/></item>
<item name="SR" rev="4">
<attrib name="value" value="1"/></item>
</group>
<group name="SLICEL_XORF">
<item name="0" rev="4">
<attrib name="value" value="4"/></item>
<item name="1" rev="4">
<attrib name="value" value="4"/></item>
<item name="O" rev="4">
<attrib name="value" value="4"/></item>
</group>
<group name="SLICEL_FFY">
<item name="CE" rev="4">
<attrib name="value" value="1"/></item>
<item name="CK" rev="4">
<attrib name="value" value="8"/></item>
<item name="D" rev="4">
<attrib name="value" value="8"/></item>
<item name="Q" rev="4">
<attrib name="value" value="8"/></item>
<item name="SR" rev="4">
<attrib name="value" value="2"/></item>
</group>
<group name="SLICEL_XORG">
<item name="0" rev="4">
<attrib name="value" value="4"/></item>
<item name="1" rev="4">
<attrib name="value" value="4"/></item>
<item name="O" rev="4">
<attrib name="value" value="4"/></item>
</group>
<group name="RAMB16_RAMB16A">
<item name="ADDRA" rev="4">
<attrib name="value" value="1"/></item>
<item name="ADDRA10" rev="4">
<attrib name="value" value="1"/></item>
<item name="ADDRA11" rev="4">
<attrib name="value" value="1"/></item>
<item name="ADDRA12" rev="4">
<attrib name="value" value="1"/></item>
<item name="ADDRA13" rev="4">
<attrib name="value" value="1"/></item>
<item name="ADDRA5" rev="4">
<attrib name="value" value="1"/></item>
<item name="ADDRA6" rev="4">
<attrib name="value" value="1"/></item>
<item name="ADDRA7" rev="4">
<attrib name="value" value="1"/></item>
<item name="ADDRA8" rev="4">
<attrib name="value" value="1"/></item>
<item name="ADDRA9" rev="4">
<attrib name="value" value="1"/></item>
<item name="CLKA" rev="4">
<attrib name="value" value="1"/></item>
<item name="DIA" rev="4">
<attrib name="value" value="1"/></item>
<item name="DOA" rev="4">
<attrib name="value" value="1"/></item>
<item name="DOA0" rev="4">
<attrib name="value" value="1"/></item>
<item name="ENA" rev="4">
<attrib name="value" value="1"/></item>
<item name="SSRA" rev="4">
<attrib name="value" value="1"/></item>
<item name="WEA" rev="4">
<attrib name="value" value="1"/></item>
</group>
<group name="RAMB16_RAMB16B">
<item name="ADDRB" rev="4">
<attrib name="value" value="1"/></item>
<item name="ADDRB10" rev="4">
<attrib name="value" value="1"/></item>
<item name="ADDRB11" rev="4">
<attrib name="value" value="1"/></item>
<item name="ADDRB12" rev="4">
<attrib name="value" value="1"/></item>
<item name="ADDRB13" rev="4">
<attrib name="value" value="1"/></item>
<item name="ADDRB5" rev="4">
<attrib name="value" value="1"/></item>
<item name="ADDRB6" rev="4">
<attrib name="value" value="1"/></item>
<item name="ADDRB7" rev="4">
<attrib name="value" value="1"/></item>
<item name="ADDRB8" rev="4">
<attrib name="value" value="1"/></item>
<item name="ADDRB9" rev="4">
<attrib name="value" value="1"/></item>
<item name="CLKB" rev="4">
<attrib name="value" value="1"/></item>
<item name="DIB" rev="4">
<attrib name="value" value="1"/></item>
<item name="DIB0" rev="4">
<attrib name="value" value="1"/></item>
<item name="DIB1" rev="4">
<attrib name="value" value="1"/></item>
<item name="DIB10" rev="4">
<attrib name="value" value="1"/></item>
<item name="DIB11" rev="4">
<attrib name="value" value="1"/></item>
<item name="DIB12" rev="4">
<attrib name="value" value="1"/></item>
<item name="DIB13" rev="4">
<attrib name="value" value="1"/></item>
<item name="DIB14" rev="4">
<attrib name="value" value="1"/></item>
<item name="DIB15" rev="4">
<attrib name="value" value="1"/></item>
<item name="DIB16" rev="4">
<attrib name="value" value="1"/></item>
<item name="DIB17" rev="4">
<attrib name="value" value="1"/></item>
<item name="DIB18" rev="4">
<attrib name="value" value="1"/></item>
<item name="DIB19" rev="4">
<attrib name="value" value="1"/></item>
<item name="DIB2" rev="4">
<attrib name="value" value="1"/></item>
<item name="DIB20" rev="4">
<attrib name="value" value="1"/></item>
<item name="DIB21" rev="4">
<attrib name="value" value="1"/></item>
<item name="DIB22" rev="4">
<attrib name="value" value="1"/></item>
<item name="DIB23" rev="4">
<attrib name="value" value="1"/></item>
<item name="DIB24" rev="4">
<attrib name="value" value="1"/></item>
<item name="DIB25" rev="4">
<attrib name="value" value="1"/></item>
<item name="DIB26" rev="4">
<attrib name="value" value="1"/></item>
<item name="DIB27" rev="4">
<attrib name="value" value="1"/></item>
<item name="DIB28" rev="4">
<attrib name="value" value="1"/></item>
<item name="DIB29" rev="4">
<attrib name="value" value="1"/></item>
<item name="DIB3" rev="4">
<attrib name="value" value="1"/></item>
<item name="DIB30" rev="4">
<attrib name="value" value="1"/></item>
<item name="DIB31" rev="4">
<attrib name="value" value="1"/></item>
<item name="DIB4" rev="4">
<attrib name="value" value="1"/></item>
<item name="DIB5" rev="4">
<attrib name="value" value="1"/></item>
<item name="DIB6" rev="4">
<attrib name="value" value="1"/></item>
<item name="DIB7" rev="4">
<attrib name="value" value="1"/></item>
<item name="DIB8" rev="4">
<attrib name="value" value="1"/></item>
<item name="DIB9" rev="4">
<attrib name="value" value="1"/></item>
<item name="DIPB0" rev="4">
<attrib name="value" value="1"/></item>
<item name="DIPB1" rev="4">
<attrib name="value" value="1"/></item>
<item name="DIPB2" rev="4">
<attrib name="value" value="1"/></item>
<item name="DIPB3" rev="4">
<attrib name="value" value="1"/></item>
<item name="DOB" rev="4">
<attrib name="value" value="1"/></item>
<item name="ENB" rev="4">
<attrib name="value" value="1"/></item>
<item name="SSRB" rev="4">
<attrib name="value" value="1"/></item>
<item name="WEB" rev="4">
<attrib name="value" value="1"/></item>
</group>
<group name="IOB_PAD">
<item name="PAD" rev="4">
<attrib name="value" value="8"/></item>
</group>
<group name="IOB">
<item name="O1" rev="4">
<attrib name="value" value="8"/></item>
<item name="OTCLK1" rev="4">
<attrib name="value" value="6"/></item>
<item name="PAD" rev="4">
<attrib name="value" value="8"/></item>
<item name="SR" rev="4">
<attrib name="value" value="6"/></item>
</group>
<group name="BUFGMUX">
<item name="I0" rev="4">
<attrib name="value" value="1"/></item>
<item name="O" rev="4">
<attrib name="value" value="1"/></item>
<item name="S" rev="4">
<attrib name="value" value="1"/></item>
</group>
<group name="BUFGMUX_GCLK_BUFFER">
<item name="IN" rev="4">
<attrib name="value" value="1"/></item>
<item name="OUT" rev="4">
<attrib name="value" value="1"/></item>
</group>
<group name="SLICEL_F">
<item name="A1" rev="4">
<attrib name="value" value="5"/></item>
<item name="A2" rev="4">
<attrib name="value" value="1"/></item>
<item name="A3" rev="4">
<attrib name="value" value="1"/></item>
<item name="D" rev="4">
<attrib name="value" value="5"/></item>
</group>
<group name="SLICEL_G">
<item name="A1" rev="4">
<attrib name="value" value="6"/></item>
<item name="A2" rev="4">
<attrib name="value" value="2"/></item>
<item name="D" rev="4">
<attrib name="value" value="6"/></item>
</group>
<group name="SLICEL_GNDF">
<item name="0" rev="4">
<attrib name="value" value="3"/></item>
</group>
<group name="SLICEL_GNDG">
<item name="0" rev="4">
<attrib name="value" value="3"/></item>
</group>
</ReportPinData>
<CmdHistory>
</CmdHistory>
</DeviceUsageSummary>
